{"name":"dabe6258-6405-47e3-a1a8-a133905fbe07","id":"/providers/Microsoft.Flow/flows/dabe6258-6405-47e3-a1a8-a133905fbe07","type":"Microsoft.Flow/flows","properties":{"apiId":"/providers/Microsoft.PowerApps/apis/shared_logicflows","displayName":"Recurrence -> Run a query against a dataset,For each,Condition,Expo...","definition":{"metadata":{"workflowEntityId":null,"processAdvisorMetadata":null,"flowChargedByPaygo":null,"flowclientsuspensionreason":"None","flowclientsuspensiontime":null,"flowclientsuspensionreasondetails":"","creator":{"id":"b48038dc-fa9e-4e71-b89b-ee49220b84ec","type":"User","tenantId":"72e63bb5-ee93-4204-beed-cdcb89e22dcf"},"provisioningMethod":"FromDefinition","failureAlertSubscription":true,"clientLastModifiedTime":"2024-12-01T16:04:59.8004849Z","connectionKeySavedTimeKey":"2024-12-01T16:03:37.6777099Z"},"$schema":"https://schema.management.azure.com/providers/Microsoft.Logic/schemas/2016-06-01/workflowdefinition.json#","contentVersion":"1.0.0.0","parameters":{"$authentication":{"defaultValue":{},"type":"SecureObject"},"$connections":{"defaultValue":{},"type":"Object"}},"triggers":{"Recurrence":{"recurrence":{"interval":1,"frequency":"Minute","timeZone":"Belarus Standard Time"},"type":"Recurrence"}},"actions":{"Run_a_query_against_a_dataset":{"runAfter":{},"type":"OpenApiConnection","inputs":{"parameters":{"groupid":"9f6c90ac-9156-43db-b3c0-f9f8d84c42cd","datasetid":"6f2096ac-9f47-4d75-a2be-b76538adc2f1","specification/query":"DEFINE \n    VAR _budget = IF(\n        SUM('Departmental Expenditures'[ActualExpenditure]) > SUM('Departmental Expenditures'[BudgetedAmount]), \n        \"Yes\", \n        \"No\"\n    )\n\nEVALUATE \nROW(\"BudgetExceeded\", _budget)\n","specification/serializerSettings/includeNulls":false},"host":{"apiId":"/providers/Microsoft.PowerApps/apis/shared_powerbi","connectionName":"shared_powerbi","operationId":"ExecuteDatasetQuery"},"authentication":"@parameters('$authentication')"}},"For_each":{"foreach":"@outputs('Run_a_query_against_a_dataset')?['body/firstTableRows']","actions":{"Condition":{"actions":{"Send_an_email_(V2)":{"type":"OpenApiConnection","inputs":{"parameters":{"emailMessage/To":"mcait@3mp2z7.onmicrosoft.com","emailMessage/Subject":"Budget Report","emailMessage/Body":"<p class=\"editor-paragraph\">The budget is exceeded. This is the detailed pbi report <a href=\"https://app.powerbi.com/links/v7ANQz3Acj?ctid=72e63bb5-ee93-4204-beed-cdcb89e22dcf&amp;pbi_source=linkShare&amp;bookmarkGuid=babfe8b7-06e6-467a-8d13-82cc306c4c1f\" class=\"editor-link\">link</a></p>","emailMessage/Importance":"Normal"},"host":{"apiId":"/providers/Microsoft.PowerApps/apis/shared_office365","connectionName":"shared_office365","operationId":"SendEmailV2"},"authentication":"@parameters('$authentication')"}}},"else":{"actions":{}},"expression":{"and":[{"equals":["@outputs('Run_a_query_against_a_dataset')['body/firstTableRows'][0]['[BudgetExceeded]']","Yes"]}]},"type":"If"}},"runAfter":{"Run_a_query_against_a_dataset":["Succeeded"]},"type":"Foreach"}},"outputs":{}},"connectionReferences":{"shared_powerbi":{"connectionName":"shared-powerbi-95b790a8-f646-4c86-8eee-a3779ed564d4","source":"Embedded","id":"/providers/Microsoft.PowerApps/apis/shared_powerbi","tier":"NotSpecified"},"shared_office365":{"connectionName":"shared-office365-3d2cd659-4841-43ee-bcf4-40afdde7d8b1","source":"Embedded","id":"/providers/Microsoft.PowerApps/apis/shared_office365","tier":"NotSpecified"}},"flowFailureAlertSubscribed":false,"isManaged":false}}